Learning rate,accuracy,error
0.1,0.8253333333333334,2.839714285714286
0.2,0.8691428571428571,2.223904761904762
0.3,0.8870476190476191,1.9416190476190476
0.4,0.8779047619047619,2.060380952380952
