Learning rate,accuracy,error
0.1,0.8288571428571428,2.893047619047619
0.2,0.8683809523809524,2.212761904761905
0.3,0.8895238095238095,1.9217142857142857
0.4,0.9013333333333333,1.6677142857142857
